DROP TABLE SALEITEMS;
DROP TABLE SALE;
DROP TABLE CUSTOMER;
DROP TABLE STOCK;
DROP TABLE DEPARTMENT;

CREATE TABLE Customer(
Customer_ID numeric(4) NOT NULL,
Forename varchar2(10) NOT NULL,
Surname varchar2(10) NOT NULL,
Addressln1 varchar2(30) NOT NULL,
Addressln2 varchar2(30) NOT NULL,
Addressln3 varchar2(30) NULL,
PRIMARY KEY (Customer_ID)
);

CREATE TABLE Department(
Department_ID numeric(1) NOT NULL,
Department_Name varchar2(10) NOT NULL,  
PRIMARY KEY (Department_ID)
);

CREATE TABLE Stock(
Stock_ID numeric(4) NOT NULL,
Stock_Name varchar2 (30) NOT NULL,
Qty numeric (4) NOT NULL,
Cost_P decimal(6,2) NOT NULL,
Sale_P decimal(6,2) NOT NULL,
Status varchar2 (1) NOT NULL, 
Department_ID numeric(1) NOT NULL,
PRIMARY KEY (Stock_ID),
FOREIGN KEY (Department_ID) REFERENCES Department(Department_ID)
);

CREATE TABLE Sale(
Sale_ID numeric(6) NOT NULL ,
Sale_Date Date NOT NULL,
Status varchar2 (1) NOT NULL,
Customer_ID numeric(4) NULL,
Sale_Value decimal(6,2) NULL,
PRIMARY KEY (Sale_ID),
FOREIGN KEY (Customer_ID) REFERENCES Customer(Customer_ID)
);

CREATE TABLE SaleItems(
QtySold numeric(3) NOT NULL,
Price decimal (4,2) NOT NULL,  
Sale_ID numeric(6) NOT NULL,
Stock_ID numeric (3)    NOT NULL,
FOREIGN KEY (Stock_ID) REFERENCES Stock(Stock_ID),
FOREIGN KEY (Sale_ID) REFERENCES Sale(Sale_ID)
);


INSERT INTO department
VALUES (05, 'Hardware');

INSERT INTO department
VALUES (01, 'Plumbing');

INSERT INTO department
VALUES (02, 'Tools');

INSERT INTO department
VALUES (03, 'Household');

INSERT INTO department
VALUES (04, 'Electrical');

INSERT INTO Customer
VALUES (1, 'JACK', 'O HARA', 'DIRTANE' , 'BALLYHEIU', 'KERRY');

INSERT INTO Customer
VALUES (2, 'JACK', 'TEAHAN', 'AHIDOE' , 'KILLARNEY', 'KERRY');

INSERT INTO Customer
VALUES (3, 'JARED', 'O SHEA', 'AVENUE' , 'KILLAR', 'KERRY');

INSERT INTO Customer
VALUES (4, 'DAVID', 'HERLIHY', 'PETRALROAD' , 'RATHMORE', 'CORK');

INSERT INTO Customer
VALUES (5, 'MARK', 'O DOUNIGHUE', 'BRENDANS' , 'TRALEE', 'KERRY');

INSERT INTO Customer
VALUES (6, 'CONOR', 'O BRIAN', 'CITY CENTRE' , 'LIMERICK CITY', 'LIMERICK');

INSERT INTO Customer
VALUES (7, 'KEVIN', 'MOSK', 'PARK' , 'TALLAH', 'DUBLIN');

INSERT INTO Stock
VALUES (1, 'HAMMER', 70, 12.30 , 27.00, 'A', 02);

INSERT INTO Stock
VALUES (2, 'SCREWDRIVER', 50, 7.95 , 15.00, 'A', 02);

INSERT INTO Stock
VALUES (3, 'DRILL', 20, 25.69 , 55.00, 'A', 02);

INSERT INTO Stock
VALUES (4, 'COUPLER', 50, 1.95, 5.50, 'A', 01);

INSERT INTO Stock
VALUES (5, 'ELBOW', 50, 1.95, 5.50, 'A', 01);

INSERT INTO Stock
VALUES (6, 'TPIECE', 50, 1.95, 5.50, 'A', 01);

INSERT INTO Stock
VALUES (7, 'POTS', 30, 5.65, 9.50, 'A', 03);

INSERT INTO Stock
VALUES (8, 'BRUSH', 20, 12.50, 25.00, 'A', 03);

INSERT INTO Stock
VALUES (9, 'PAINT', 15, 12.50, 29.50, 'A', 03);

INSERT INTO Stock
VALUES (10, 'BOX OF SCREWS', 150, .25, 1.50, 'A', 05);

INSERT INTO Stock
VALUES (11, 'LAWN SEED', 10, 2.00, 5.50, 'A', 05);

INSERT INTO Stock
VALUES (12, 'EPSOM SALT', 25, 3.00, 7.00, 'A', 05);

INSERT INTO Stock
VALUES (13, 'BULB', 42, 3.50, 12.50, 'A', 04);

INSERT INTO Stock
VALUES (14, 'ELECTRIC FAN', 10, 35.00, 70.00, 'A', 04);

INSERT INTO Stock
VALUES (15, 'FUSE', 35, 2.50, 6.00, 'A', 04);

INSERT INTO SALE
VALUES(2, '06-SEP-97','P',null,25.00);

INSERT INTO SALE
VALUES(3, '06-SEP-17','P',null,25.00);

INSERT INTO SALE
VALUES(4, '06-SEP-18','P',null,25.00);

INSERT INTO SALE
VALUES(1, '06-SEP-18','P',2,38.50);

INSERT INTO SALEITEMS
VALUES(5,27.5,1,4);

INSERT INTO SALEITEMS
VALUES(2,11.00,1,5);

INSERT INTO SALE
VALUES(5, '06-APR-18','P',3,20.50);

INSERT INTO SALEITEMS
VALUES(3,19.00,1,5);

INSERT INTO SALEITEMS
VALUES(3,1.50,1,5);

INSERT INTO SALE
VALUES(6, '06-FEB-18','P',NULL,69.00);

INSERT INTO SALEITEMS
VALUES(2,69.00,6,9);

INSERT INTO SALE
VALUES(12, '06-SEP-97','P',null,25.00);

INSERT INTO SALE
VALUES(11, '06-SEP-17','P',null,25.00);

INSERT INTO SALE
VALUES(10, '06-SEP-18','P',null,25.00);

INSERT INTO SALE
VALUES(9, '06-SEP-18','P',2,38.50);

INSERT INTO SALEITEMS
VALUES(5,27.5,9,4);

INSERT INTO SALEITEMS
VALUES(2,11.00,9,5);

INSERT INTO SALE
VALUES(8, '06-APR-18','P',3,20.50);

INSERT INTO SALEITEMS
VALUES(3,19.00,8,5);

INSERT INTO SALEITEMS
VALUES(3,1.50,8,5);

INSERT INTO SALE
VALUES(7, '06-FEB-18','P',NULL,69.00);

INSERT INTO SALEITEMS
VALUES(2,69.00,7,9);

commit;

SELECT customer_id, surname, forename FROM Customer WHERE surname LIKE UPPER('o%');